,ROR,p_value,95CI_lower,95CI_upper,a,b,c,d
F,1.4619224963117172,1.5213838870696522e-12,1.315891002723528,1.6241598892300648,1134.0,2629.0,799.0,2708.0
M,1.1330307848416814,0.1965926912857633,0.9373757513557166,1.3695241823167152,218.0,487.0,514.0,1301.0
